MD,CLASS,CNL,CPOR,DENS,GR,KAH,LL9D,NEU,RT,SONI,CAT,LOGKAH
10646.5,2,21.329,11.3,2.278,48.1,1,3.179,0.21329,3.40923,87.226,4,0
10647.5,2,22.036,17.7,2.29,48.1,0.33,2.124,0.22036,2.44624,88.01,4,-0.48148606
10649.5,3,24.064,22.8,2.269,44.95,5.1,1.981,0.24064,2.26862,88.792,4,0.707570176
10651,3,23.72,21.9,2.265,44.162,5.3,2.183,0.2372,2.4903,88.012,4,0.72427587
10652,2,21.781,24.4,2.265,49.675,1.8,2.47,0.21781,2.81173,88.012,4,0.255272505
10653,2,20.669,20.8,2.325,51.55,6.2,2.43,0.20669,2.7692,86.414,4,0.792391689
10654.5,2,19.399,17.5,2.381,52.037,1.1,3.088,0.19399,4.06458,80.92,4,0.041392685
10655.5,2,20.592,20.9,2.323,52.037,1.2,3.19,0.20592,4.15401,80.137,4,0.079181246
10656.5,2,21.14,16.3,2.276,47.249,1.1,2.832,0.2114,3.21015,80.773,4,0.041392685
10658,2,21.923,12.5,2.223,50.331,0.1,2.64,0.21923,2.99434,86.444,4,-1
10659,3,23.124,20.6,2.218,53.613,1,2.206,0.23124,2.92255,92.737,4,0
10661,3,23.202,21.1,2.219,52.825,23,2.177,0.23202,2.75073,93.518,4,1.361727836
10662.5,2,23.584,21.6,2.285,55.691,30,2.116,0.23584,3.10769,89.59,4,1.477121255
10666,2,23.222,22.7,2.255,56.762,27,1.867,0.23222,2.51476,92.737,4,1.431363764
10679,2,18.942,19.1,2.353,58.337,22,2.818,0.18942,3.5536,82.917,4,1.342422681
10680,2,18.759,17.3,2.352,60.518,340,2.927,0.18759,3.82314,84.075,4,2.531478917
10681,1,16.97,18.2,2.35,61.488,390,2.999,0.1697,3.79262,82.433,4,2.591064607
10682.5,1,15.225,14.7,2.354,62.542,28,3.726,0.15225,5.19256,80.391,4,1.447158031
10683.5,1,15.48,19.7,2.335,61.488,370,4.137,0.1548,5.86883,79.56,4,2.568201724
10685,1,16.78,20.8,2.288,63.062,690,4.788,0.1678,6.86032,80.676,4,2.838849091
10686,1,17.18,17.6,2.286,61.488,320,5.26,0.1718,7.55157,82.499,4,2.505149978
10687,1,16.88,19.1,2.33,61.488,290,4.723,0.1688,6.84065,83.774,4,2.462397998
10688,1,16.68,18.6,2.354,62.275,150,4.444,0.1668,6.20398,82.05,4,2.176091259
10689,1,17.42,18,2.339,62.275,140,4.63,0.1742,6.58472,82.581,4,2.146128036
10690,2,18.56,7.4,2.29,61.145,0.13,4.339,0.1856,5.97242,83.184,4,-0.886056648
10691,2,18.5,17.2,2.323,61.488,81,4.042,0.185,5.61994,83.288,4,1.908485019
10692,2,18.64,19.6,2.364,62.275,110,4.084,0.1864,5.59298,83.288,4,2.041392685
10693.5,1,17.5,18.7,2.384,63.85,36,4.038,0.175,5.53613,79.791,4,1.556302501
10694.5,1,15.38,4.8,2.41,59.912,0.02,4.247,0.1538,5.82367,70.529,4,-1.698970004
10696,1,17.94,21.1,2.344,53.613,65,5.402,0.1794,6.01998,72.869,4,1.812913357
10697,2,20,20.8,2.341,54.254,41,3.727,0.2,5.019,84.07,4,1.612783857
10698.5,1,16.84,6.6,2.418,55.975,0.08,3.951,0.1684,5.13629,78.565,4,-1.096910013
10699.5,2,19.34,23.5,2.383,54.081,73,4.461,0.1934,4.71415,80.209,4,1.86332286
10701,2,22.2,23.9,2.307,54.4,85,2.879,0.222,3.50897,89.532,4,1.929418926
10702.5,2,17.44,25.7,2.372,49.962,75,3.26,0.1744,3.8461,92.108,4,1.875061263
10704,1,18.04,16.5,2.377,47.894,0.18,3.389,0.1804,4.13879,76.646,4,-0.744727495
10705,1,16.46,8.5,2.4,44.95,0.2,3.746,0.1646,4.23378,76.611,4,-0.698970004
10706.5,1,14.76,16.6,2.435,42.027,9.1,5,0.1476,5.28781,68.959,4,0.959041392
10707.5,1,16.96,15.1,2.473,42.373,0.85,4.582,0.1696,4.85861,66.309,4,-0.070581074
10708.5,2,20.6,15.6,2.356,45.737,1.2,2.591,0.206,3.02287,83.666,5,0.079181246
10709.5,2,20,18.5,2.308,48.1,2.5,2.551,0.2,2.93811,79.2,5,0.397940009
10711,1,16.86,3.8,2.405,44.527,0.02,2.868,0.1686,3.26234,79.282,5,-1.698970004
10712,1,12.96,22.7,2.448,45.183,34,3,0.1296,3.2143,69.089,5,1.531478917
10713,1,14.58,21.1,2.427,45.737,8.4,3.183,0.1458,3.40572,73.939,5,0.924279286
10714,1,13.86,23.1,2.439,45.73,28,3.437,0.1386,3.90144,92.411,5,1.447158031
10715,1,15.52,15.3,2.473,45.262,1.4,3.55,0.1552,3.80162,67.735,5,0.146128036
10716,1,14.72,22.4,2.403,47.932,41,2.985,0.1472,3.40477,76.316,5,1.612783857
10717,1,13.019,22.4,2.455,50.823,9.8,3.398,0.13019,3.64547,70.54,5,0.991226076
10718,1,14.199,20.1,2.394,52.948,6,3.003,0.14199,3.53895,72.262,5,0.77815125
10719,1,14.147,16.2,2.413,55.558,0.84,3.392,0.14147,4.27839,72.262,5,-0.075720714
10720,1,18.963,22.2,2.36,56.542,36,2.57,0.18963,3.27709,73.262,5,1.556302501
10721,2,21.151,23.6,2.281,58.675,72,2.038,0.21151,2.49969,85.368,5,1.857332496
10723,3,21.851,25.9,2.193,65.197,240,2.165,0.21851,2.68268,93.542,5,2.380211242
10724,3,21.88,26.3,2.194,65.653,230,2.279,0.2188,2.82057,95.098,5,2.361727836
10725.5,2,20.093,22.6,2.248,62.362,100,1.754,0.20093,2.1992,91.884,5,2
10726.5,2,17.474,3.7,2.303,59.912,0.01,1.954,0.17474,2.55155,88.946,5,-2
10727.5,1,14.612,27.8,2.357,58.349,290,2.493,0.14612,2.71036,74.847,5,2.462397998
10728.5,1,13.345,25.2,2.388,57.791,230,2.513,0.13345,2.73703,71.046,5,2.361727836
10730,2,19.639,28.8,2.242,56.117,150,2.113,0.19639,2.63051,87.91,5,2.176091259
10731,2,18.248,20.7,2.299,56.762,50,1.804,0.18248,2.22327,84.795,5,1.698970004
10732,1,16.153,9.2,2.353,55.246,0.21,2.021,0.16153,2.21609,78.077,5,-0.677780705
10734,1,15.437,12,2.356,55.607,0.04,1.94,0.15437,2.1328,72.283,5,-1.397940009
10734.5,1,15.194,20.2,2.313,56.77,6.5,1.885,0.15194,2.07329,76.979,5,0.812913357
10735,1,15.143,21,2.32,57.055,5.8,1.969,0.15143,2.29815,76.208,5,0.763427994
10735.5,1,16.621,17.6,2.32,57.64,1.3,1.944,0.16621,2.38784,78.589,5,0.113943352
10739.5,2,20.315,18.7,2.297,63.093,2.1,1.611,0.20315,1.93811,86.02,5,0.322219295
10740.5,2,18.656,27.5,2.333,59.931,600,1.604,0.18656,1.90557,87.205,5,2.77815125
10741.5,2,17.836,18,2.372,60.495,1.3,1.584,0.17836,1.89829,84.271,5,0.113943352
10742,2,18.07,17.4,2.358,61.516,0.37,1.55,0.1807,1.83512,84.611,5,-0.431798276
10743,2,17.943,19,2.341,62.78,1.3,1.582,0.17943,1.87349,84.054,5,0.113943352
10744.5,1,16.859,17.8,2.364,57.758,0.42,1.988,0.16859,2.21808,76.209,5,-0.37675071
10745.5,2,20.001,12.9,2.328,53.613,0.1,1.837,0.20001,2.05534,79.424,5,-1
10747,2,20.294,25.1,2.253,51.913,31,1.504,0.20294,1.80148,87.225,5,1.491361694
10748,2,19.029,18.5,2.242,48.898,4.6,1.576,0.19029,1.94142,88.8,5,0.662757832
10749,2,19.706,26.5,2.258,50.462,22,1.499,0.19706,1.82881,88.667,5,1.342422681
10750.5,2,18.622,25.5,2.256,51.294,5.7,1.38,0.18622,1.66353,84.961,5,0.755874856
10751.5,2,21.064,27,2.297,53.98,12,1.531,0.21064,1.83092,80.705,5,1.079181246
10753,2,20.038,28.6,2.298,56.256,21,1.36,0.20038,1.6403,89.881,5,1.322219295
10754,2,18.25,25.5,2.264,57.55,7.2,1.396,0.1825,1.67672,88.264,5,0.857332496
10755.5,2,17.992,23,2.287,57.55,9.2,1.333,0.17992,1.60387,86.728,5,0.963787827
10756.5,2,17.244,25.3,2.302,55.187,5.6,1.385,0.17244,1.6668,86.439,5,0.748188027
10758,1,18.05,15.2,2.33,54.4,0.16,1.418,0.1805,1.5602,81.838,5,-0.795880017
10759,2,18.649,14.8,2.318,52.825,0.13,1.287,0.18649,1.55378,88.061,5,-0.886056648
10760,2,17.559,21.6,2.281,50.802,8.9,1.283,0.17559,1.40736,87.626,5,0.949390007
10761.5,2,18.347,19.7,2.294,50.462,1.9,1.158,0.18347,1.40241,88.826,5,0.278753601
10763,2,18.874,16.1,2.317,58.337,0.21,1.329,0.18874,1.60976,87.553,5,-0.677780705
10764,1,19.249,11,2.398,65.144,1.7,1.485,0.19249,1.6052,82.409,5,0.230448921
10766,2,21.723,19,2.371,66.212,1.4,1.396,0.21723,1.69198,84.968,5,0.146128036
10767,2,20.711,16.5,2.382,69.363,0.58,1.444,0.20711,1.74971,85.54,5,-0.236572006
10770,1,23.998,16.4,2.405,66.681,0.6,1.426,0.23998,1.72847,85.214,5,-0.22184875
10771,2,22.384,8,2.36,61.488,0.04,1.441,0.22384,1.74636,85.419,5,-1.397940009
10772,2,22.316,18.4,2.337,61.488,1.2,1.514,0.22316,1.83363,81.625,5,0.079181246
10773.5,2,23.351,15.2,2.351,60.32,1.5,1.554,0.23351,1.65414,85.171,5,0.176091259
10775,2,24.344,16.9,2.341,61.488,1.1,1.441,0.24344,1.74597,85.872,5,0.041392685
10776.5,1,25.403,4.1,2.341,62.275,0.01,1.482,0.25403,1.79498,84.519,5,-2
10780.5,2,24.91,17.8,2.329,59.912,1.6,1.481,0.2491,1.75632,91.013,5,0.204119983
10781.5,2,26.235,16,2.339,59.912,0.57,1.491,0.26235,1.84026,92.818,5,-0.244125144
10783,2,26.849,15.4,2.291,61.884,0.5,1.511,0.26849,1.89951,92.158,5,-0.301029996
10784.5,2,27.74,16.4,2.287,63.062,0.87,1.449,0.2774,1.82283,102.589,5,-0.060480747
10785.5,2,26.3,17.3,2.256,62.275,1.4,1.435,0.263,1.80939,93.963,5,0.146128036
10786.5,2,27.08,16.3,2.222,59.912,1,1.324,0.2708,1.67238,89.56,5,0
10788,3,26.56,24.6,2.15,56.762,10,1.207,0.2656,1.51559,90.346,5,1
10789,3,26.98,27.6,2.095,57.239,21,1.248,0.2698,1.58558,90.815,5,1.322219295
10790.5,3,25.22,28.3,2.177,62.275,5.8,1.346,0.2522,1.6696,88.5,5,0.763427994
10791.5,2,24.4,12.5,2.308,63.062,0.11,1.379,0.244,1.73318,88.779,5,-0.958607315
10793,1,23.9,19.3,2.382,58.337,4.3,1.423,0.239,1.80206,88.003,5,0.633468456
10794,1,22.84,17.4,2.414,56.762,0.7,1.449,0.2284,1.78234,86.533,5,-0.15490196
10795,1,24.382,15.9,2.384,61.488,0.82,1.287,0.24382,1.57537,90.456,5,-0.086186148
10796,1,24.715,25.3,2.415,64.637,9,1.341,0.24715,1.62069,87.158,5,0.954242509
10797,1,23.245,24.1,2.417,63.062,5.2,1.278,0.23245,1.4856,86.533,5,0.716003344
10798,1,21.772,22,2.429,61.488,3.2,1.306,0.21772,1.51685,87.636,5,0.505149978
10799,2,22.869,17.1,2.366,59.912,0.74,1.387,0.22869,1.60792,88.8,5,-0.13076828
10800.5,2,22.499,26.1,2.369,62.275,21,1.391,0.22499,1.51807,88.674,5,1.322219295
10801.5,2,22.7,16.5,2.352,62.275,1.3,1.334,0.227,1.54333,88.399,5,0.113943352
10802.5,2,23.219,28.4,2.349,65.425,22,1.449,0.23219,1.57725,88.8,5,1.342422681
10803.5,1,22.06,18.1,2.384,65.425,3.3,1.654,0.2206,1.79539,87.549,5,0.51851394
10804.5,2,20.56,17.8,2.391,67.788,1.8,1.663,0.2056,1.80222,84.862,5,0.255272505
10806,2,22.638,18.6,2.362,71.725,6,1.626,0.22638,1.86633,85.65,4,0.77815125
10807,2,22.307,18.7,2.357,71.725,7,1.619,0.22307,1.75075,85.729,4,0.84509804
10808.5,2,20.723,20.1,2.326,72.512,25,1.629,0.20723,1.75709,87.166,4,1.397940009
10810,2,22.172,20.8,2.312,72.512,29,1.611,0.22172,1.8416,88.012,4,1.462397998
10811,2,21.639,23.3,2.299,73.3,77,1.605,0.21639,1.83481,87.468,4,1.886490725
10812.5,2,19.111,12.3,2.343,73.3,3.6,1.754,0.19111,1.88888,85.205,4,0.556302501
10813.5,2,19.226,18.9,2.349,74.087,21,1.804,0.19226,1.94209,84.075,4,1.322219295
10814.5,2,19.746,17.3,2.346,71.725,4.8,1.733,0.19746,1.97962,84.406,4,0.681241237
10815.5,2,19.609,19.8,2.334,70.937,24,1.729,0.19609,1.86224,85.43,5,1.380211242
10816.5,2,20.162,18.2,2.309,70.15,6.3,1.775,0.20162,1.91123,85.068,5,0.799340549
10817,2,20.588,18,2.313,70.15,6.6,1.786,0.20588,2.03947,84.823,5,0.819543936
10818,2,21.983,23.5,2.308,70.15,42,1.642,0.21983,1.96472,86.706,5,1.62324929
10819.5,2,22.681,21,2.259,64.637,66,1.552,0.22681,1.85405,90.023,5,1.819543936
10820.5,2,23.537,21.7,2.286,62.275,74,1.633,0.23537,1.86651,89.985,5,1.86923172
10822.5,2,20.38,28.3,2.318,67.066,130,1.75,0.2038,1.99881,84.81,5,2.113943352
10823.5,2,20.723,22.3,2.317,68.575,130,1.679,0.20723,1.91856,86.141,5,2.113943352
10824.5,2,21.722,22.3,2.297,67.787,100,1.727,0.21722,1.97283,88.8,5,2
10826,2,21.713,20.3,2.32,71.21,95,1.927,0.21713,2.19656,88.479,5,1.977723605
10827,2,21.716,21.5,2.307,72.512,110,1.899,0.21716,2.18979,87.336,5,2.041392685
10828,2,21.361,23.3,2.302,70.937,220,1.876,0.21361,2.13735,88.012,5,2.342422681
10829,2,21.603,22.1,2.294,68.575,190,1.825,0.21603,2.07994,88.012,5,2.278753601
10830.5,2,21.652,24,2.278,63.85,370,1.741,0.21652,1.98355,88.8,5,2.568201724
10831.5,2,21.114,27.3,2.272,63.062,670,1.773,0.21114,2.01961,88.239,5,2.826074803
10832,2,20.84,21.6,2.272,63.062,160,1.745,0.2084,1.98805,87.875,5,2.204119983
10833.5,2,19.887,22.1,2.299,62.583,240,1.598,0.19887,1.82704,87.811,5,2.380211242
10834,2,20.54,22.3,2.286,63.062,290,1.567,0.2054,1.79172,88.012,5,2.462397998
10835,2,21.202,21.6,2.254,63.85,210,1.518,0.21202,1.73614,88.012,5,2.322219295
10837,2,20.043,22.2,2.276,68.575,320,0.945,0.20043,1.08539,86.368,5,2.505149978
10838,2,20.781,21,2.278,69.363,170,0.808,0.20781,0.86292,85.65,5,2.230448921
10839,2,20.887,23.6,2.266,65.425,670,0.744,0.20887,0.78504,85.807,5,2.826074803
10870.5,1,20.044,13.4,2.484,77.404,0.55,1.397,0.20044,1.49761,82.302,5,-0.259637311
10872,1,21.552,16.2,2.445,76.274,0.79,1.461,0.21552,1.57569,81.712,5,-0.102372909
10873,1,21.885,16.9,2.409,73.597,1.1,1.413,0.21885,1.50662,85.543,5,0.041392685
10874,2,20.916,19,2.381,69.082,2.9,1.384,0.20916,1.4442,86.313,5,0.462397998
10875.5,2,20.227,19.3,2.386,68.575,3.2,1.389,0.20227,1.50836,86.725,5,0.505149978
10876.5,2,20.348,19,2.374,69.323,3.9,1.367,0.20348,1.59068,86.949,5,0.591064607
10878,2,19.149,20.9,2.34,70.937,21,1.354,0.19149,1.56507,87.597,5,1.322219295
10879,2,18.195,20.8,2.345,70.134,21,1.365,0.18195,1.5777,88.85,5,1.322219295
10879.5,2,17.967,19.9,2.341,69.348,7.6,1.449,0.17967,1.67278,88.563,4,0.880813592
10881,2,17.42,17.6,2.348,75.013,2.4,1.69,0.1742,1.94961,84.693,4,0.380211242
10882,2,17.75,18.2,2.333,73.3,1.6,1.735,0.1775,2.00241,84.659,4,0.204119983
10883,2,19.855,22.8,2.273,67,340,2.002,0.19855,2.30595,89.384,4,2.531478917
10884.5,3,20.752,24,2.173,59.519,1000,4.4,0.20752,5.60003,94.228,4,3
10885.5,3,20.321,25.3,2.184,59.125,1700,5.595,0.20321,7.32131,91.834,4,3.230448921
10886.5,2,19.948,25.9,2.202,61.488,1900,6.001,0.19948,7.90638,91.162,4,3.278753601
10887.5,2,19.156,25.2,2.18,61.045,1900,6.28,0.19156,8.28335,91.162,4,3.278753601
10888.5,2,18.85,25.1,2.177,59.125,1600,6.648,0.1885,8.84103,91.162,4,3.204119983
10892,2,19.096,25.5,2.185,57.156,1500,7.145,0.19096,9.67282,90.788,4,3.176091259
10893,2,17.826,25.9,2.153,55.975,1900,7.518,0.17826,10.19057,90.379,4,3.278753601
10894,2,18.729,25.8,2.171,55.975,1900,7.643,0.18729,10.30523,91.046,4,3.278753601
10895,2,18.283,26.2,2.139,54.4,2100,8.074,0.18283,10.94539,91.864,4,3.322219295
10896,2,18.722,26.2,2.142,53.613,2000,7.992,0.18722,10.98537,91.95,4,3.301029996
10897,3,19.041,25.8,2.146,54.4,1700,7.862,0.19041,10.78632,91.95,4,3.230448921
10898,3,19.227,26.6,2.146,57.395,2300,8.486,0.19227,11.29675,91.95,4,3.361727836
10899,3,19.852,26.2,2.145,59.912,2300,8.991,0.19852,11.7191,91.95,4,3.361727836
10900,3,20.434,26.3,2.153,60.438,1700,8.947,0.20434,11.57591,91.95,4,3.230448921
10901,3,21.058,25.6,2.168,62.275,1700,8.619,0.21058,11.04837,91.95,4,3.230448921
10902,3,20.758,26,2.159,60.7,2200,8.34,0.20758,10.58699,91.451,4,3.342422681
10903.5,3,19.53,26.3,2.155,61.488,2000,8.18,0.1953,10.43752,91.162,4,3.301029996
10904.5,2,18.254,26.4,2.158,62.275,1700,7.89,0.18254,10.12837,91.162,4,3.230448921
10905.5,2,19.209,26.4,2.154,63.85,1400,7.675,0.19209,9.94737,91.355,4,3.146128036
10907,2,18.823,25.9,2.152,63.062,1300,7.268,0.18823,9.51023,91.95,4,3.113943352
10907.5,2,17.98,25.6,2.165,61.769,1200,7.135,0.1798,9.33182,91.95,4,3.079181246
10909,2,19.136,26.5,2.162,60.7,1600,6.575,0.19136,8.69351,90.835,4,3.204119983
10910,2,18.52,25.8,2.162,63.85,1100,6.116,0.1852,8.20054,91.359,4,3.041392685
10910.5,2,18.3,24.6,2.181,66.512,830,5.997,0.183,8.07531,91.621,4,2.919078092
10911.5,2,17.72,26.6,2.193,70.15,1800,5.991,0.1772,8.23505,91.95,4,3.255272505
10913,2,18.08,25.3,2.194,68.575,790,4.329,0.1808,6.17788,90.371,4,2.897627091
10913.5,2,17.52,22.5,2.197,70.867,350,4.027,0.1752,5.77733,89.744,4,2.544068044
10915,2,19.24,23.1,2.205,74.875,330,3.673,0.1924,5.25027,88.8,4,2.51851394
10916,2,19.46,24.2,2.218,74.875,330,3.665,0.1946,5.14868,88.8,4,2.51851394
10916.5,2,19.8,22.4,2.217,74.087,260,3.61,0.198,5.08926,88.832,4,2.414973348
10918,2,19.04,26.1,2.207,67.787,890,3.337,0.1904,4.8293,89.577,4,2.949390007
10919,2,19.7,25.1,2.209,70.525,760,3.914,0.197,5.81075,88.782,4,2.880813592
10920,2,18.56,23.4,2.201,68.575,350,5.417,0.1856,8.26198,89.864,4,2.544068044
10921,2,19.44,25.7,2.203,67.074,1300,6.26,0.1944,9.5704,91.49,4,3.113943352
10922.5,3,20.12,25.7,2.17,63.479,1100,7.566,0.2012,12.31561,92.683,4,3.041392685
10923.5,3,20.48,25.4,2.162,63.062,1200,8.163,0.2048,12.57986,91.162,4,3.079181246
10924.5,3,21.64,26.6,2.174,59.511,1700,8.315,0.2164,12.62895,91.229,4,3.230448921
10925.5,3,21.26,26.3,2.193,59.125,1600,7.79,0.2126,11.68214,92.08,5,3.204119983
10926.5,3,22.3,26.1,2.174,59.912,2300,6.444,0.223,9.61335,93.199,5,3.361727836
10927.5,3,22.26,25.7,2.166,60.019,2000,5.407,0.2226,7.94448,92.981,5,3.301029996
10929,3,22.34,24.1,2.159,64.637,530,4.705,0.2234,6.8543,93.452,5,2.72427587
10930,3,22.96,25,2.174,64.145,740,4.85,0.2296,6.97621,91.5,5,2.86923172
10931,3,22.24,26.7,2.198,62.831,950,5.706,0.2224,8.27943,88.934,5,2.977723605
10932,2,20.2,23.4,2.201,59.439,430,7.344,0.202,10.64806,91.162,5,2.633468456
10933,3,20.6,24.5,2.199,56.762,1500,9.884,0.206,14.14566,91.719,5,3.176091259
10933.5,3,21.36,25.6,2.194,55.373,1400,10.726,0.2136,15.2374,93.126,5,3.146128036
10935,3,23.52,24,2.19,58.777,1000,10.836,0.2352,15.14694,92.737,5,3
10936,3,23.84,24.7,2.194,61.488,1100,10.366,0.2384,14.51498,93.172,5,3.041392685
10937,3,23.26,25.1,2.186,60.7,1000,10.493,0.2326,14.55342,95.036,5,3
10938,3,23.62,24.9,2.203,56.762,1700,11.711,0.2362,16.20594,94.19,4,3.230448921
10939,3,23.6,25,2.202,52.825,1500,13.474,0.236,18.7353,93.525,4,3.176091259
10940.5,3,24.58,24.3,2.167,52.825,1200,14.643,0.2458,20.49329,93.569,4,3.079181246
10941.5,3,25.76,24.6,2.114,53.613,1300,14.578,0.2576,20.43647,94.079,4,3.113943352
10942,3,25.32,25,2.116,52.037,1200,14.13,0.2532,19.85042,94.285,4,3.079181246
10943.5,3,24.487,25.9,2.063,55.975,1500,12.565,0.24487,17.85552,95.2,4,3.176091259
10944,3,25.201,25.4,2.056,56.762,1400,11.921,0.25201,17.09821,95.634,4,3.146128036
10945,3,26.386,24.3,2.132,56.762,1400,10.627,0.26386,15.37914,95.887,4,3.146128036
10953,3,28.476,26.4,2.212,55.187,2400,10.966,0.28476,16.67932,97.397,5,3.380211242
10954,2,28.145,26.3,2.264,55.975,2000,10.931,0.28145,16.62621,96.618,5,3.301029996
10955.5,2,27.706,25.8,2.298,52.037,1700,10.78,0.27706,17.33237,95.1,5,3.230448921
10956.5,2,26.16,25.2,2.282,49.675,1300,10.063,0.2616,15.83357,95.1,5,3.113943352
10957.5,3,25.484,26.4,2.296,48.887,1600,9.705,0.25484,15.41735,95.1,5,3.204119983
10959,3,25.722,26.1,2.286,50.462,1600,9.547,0.25722,15.14913,94.979,5,3.204119983
10960,2,26.445,26,2.286,50.095,1600,9.095,0.26445,14.18337,94.139,5,3.204119983
10961.5,2,25.886,26.8,2.286,50.462,1800,8.733,0.25886,14.85425,91.299,5,3.255272505
10962.5,3,25.104,26.2,2.27,49.675,2000,9.078,0.25104,15.00891,90.375,5,3.301029996
10963.5,3,24.777,26.2,2.277,51.25,1800,9.148,0.24777,15.22391,91.665,5,3.255272505
10964.5,3,25.368,25.7,2.269,52.825,1600,9.456,0.25368,16.43602,93.581,5,3.204119983
10965.5,2,26.872,26,2.262,50.462,1500,9.805,0.26872,16.31282,94.312,5,3.176091259
10966.5,3,25.706,26.2,2.227,51.53,1500,9.763,0.25706,15.14978,94.312,5,3.176091259
10967.5,3,25.016,25.6,2.238,52.037,1400,9.637,0.25016,15.24423,94.859,5,3.146128036
10969,3,24.557,19.7,2.222,53.613,310,9.432,0.24557,15.47759,94.642,5,2.491361694
10970,3,24.536,23.9,2.208,53.219,580,9.324,0.24536,14.2819,93.443,5,2.763427994
10971,3,23.238,25.9,2.206,52.825,1600,8.986,0.23238,14.18922,92.841,5,3.204119983
10972,3,24.031,27,2.224,55.187,2500,8.729,0.24031,14.18487,92.737,5,3.397940009
10973,3,26.459,27.1,2.209,55.975,2100,8.308,0.26459,13.40941,92.737,5,3.322219295
10974.5,3,25.755,26.4,2.193,53.613,1700,7.857,0.25755,13.14029,92.737,5,3.230448921
10975.5,3,24.515,26.2,2.187,52.825,2300,7.892,0.24515,13.31678,92.737,5,3.361727836
10976.5,3,23.641,26,2.186,53.44,1700,7.892,0.23641,12.99283,92.471,5,3.230448921
10977.5,3,23.324,26.7,2.197,54.991,2000,8.039,0.23324,13.00669,91.95,5,3.301029996
10979,3,23.8,26.1,2.194,56.762,1500,9.962,0.238,17.98842,94.312,5,3.176091259
10980.5,3,24.104,26.3,2.157,53.613,1800,11.089,0.24104,19.51522,94.621,5,3.255272505
10981.5,3,23.434,25.9,2.143,56.255,2100,10.918,0.23434,18.66808,95.031,5,3.322219295
10983,3,23.004,26,2.154,58.337,1500,10.982,0.23004,19.23593,94.244,5,3.176091259
10984,3,22.864,26.4,2.157,57.792,1500,10.817,0.22864,20.61807,93.544,5,3.176091259
10985,3,22.711,25,2.156,58.337,1000,10.636,0.22711,20.10892,93.947,5,3
10985.5,3,22.703,26.8,2.161,59.736,3300,10.288,0.22703,17.81949,94.191,5,3.51851394
10987,3,24.316,27.6,2.155,60.7,3300,9.535,0.24316,16.52266,94.259,5,3.51851394
10988.5,3,23.642,27.7,2.184,61.488,2700,9.27,0.23642,15.93021,93.324,5,3.431363764
10989.5,3,24.573,26.1,2.158,65.425,1900,8.582,0.24573,15.30376,92.87,5,3.278753601
10990.5,3,24.671,26.3,2.149,65.425,2800,8.444,0.24671,14.73335,93.296,5,3.447158031
10991.5,3,24.209,27.3,2.137,64.637,3200,8.241,0.24209,14.44203,93.525,5,3.505149978
10992.5,3,24.604,27.6,2.144,63.85,2800,7.632,0.24604,13.58226,93.525,5,3.447158031
10994,3,22.915,27.4,2.163,62.169,3600,7.439,0.22915,13.10522,92.737,5,3.556302501
10995,3,22.01,26.9,2.171,59.125,2200,8.045,0.2201,14.51551,92.46,5,3.342422681
10996,3,22.55,26,2.171,52.825,1500,8.246,0.2255,14.76437,91.162,5,3.176091259
10997.5,3,24.119,26.9,2.168,54.4,2400,8.3,0.24119,14.40897,92.166,5,3.380211242
10998,3,24.549,26.8,2.166,53.613,1900,8.43,0.24549,15.74459,92.845,5,3.278753601
10999.5,3,22.618,24.8,2.162,57.55,1200,8.376,0.22618,15.76512,93.468,5,3.079181246
11000.5,3,22.804,26.7,2.167,58.337,1900,7.891,0.22804,14.46501,92.863,5,3.278753601
11001.5,3,22.857,27,2.174,59.125,2200,8.029,0.22857,14.47711,92.737,5,3.342422681
11003,3,23.234,26.1,2.186,57.262,2000,7.946,0.23234,13.04862,91.755,5,3.301029996
11004,3,23.082,26.7,2.176,54.4,950,8.277,0.23082,15.46516,92.016,5,2.977723605
11005.5,3,23.175,25.9,2.171,53.613,2300,9.041,0.23175,15.61154,92.737,5,3.361727836
11006.5,3,22.12,26,2.162,50.462,2000,8.992,0.2212,14.56189,92.737,4,3.301029996
11013.5,3,23.013,27.2,2.186,51.25,2000,9.889,0.23013,15.81967,92.359,4,3.301029996
11014.5,3,21.846,26.2,2.171,50.462,1200,9.551,0.21846,15.32444,91.681,4,3.079181246
11015.5,3,22.119,26.6,2.185,48.887,1300,8.628,0.22119,13.61338,91.162,4,3.113943352
11017,3,23.213,26.5,2.19,52.825,1300,8.039,0.23213,13.98584,91.31,4,3.113943352
11018,3,22.183,26.4,2.176,52.825,1200,8.183,0.22183,13.84058,91.681,4,3.079181246
11019,3,21.476,26.1,2.166,54.4,1500,7.671,0.21476,12.3711,91.162,4,3.176091259
11019.5,3,21.638,26.3,2.178,53.976,1300,7.256,0.21638,11.51695,91.255,4,3.113943352
11021,3,23.186,25.2,2.174,55.975,1300,6.25,0.23186,9.98858,92.737,4,3.113943352
11022,3,22.953,26.4,2.171,57.911,1500,4.949,0.22953,7.54706,92.546,4,3.176091259
11023,3,22.611,25.5,2.193,58.869,1100,3.848,0.22611,5.711,91.265,4,3.041392685
11025.5,2,19.64,25.3,2.23,65.329,1000,6.561,0.1964,11.16043,86.187,4,3
11026.5,3,21.42,26.2,2.216,65.376,1300,8.294,0.2142,13.38257,90.185,4,3.113943352
11027.5,3,22.56,26.4,2.202,63.718,1000,9.142,0.2256,14.90073,91.162,4,3
11028.5,3,22.58,26,2.192,61.271,830,9.448,0.2258,14.44017,91.247,4,2.919078092
11083.5,3,23.54,22.9,2.165,56.762,430,13.425,0.2354,19.37668,91.48,4,2.633468456
11084.5,3,23.58,24.8,2.175,62.275,870,12.721,0.2358,18.52744,90.629,4,2.939519253
11086,3,23.26,25.9,2.203,60.7,1500,10.817,0.2326,15.71088,89.09,4,3.176091259
11087,3,22.96,25.7,2.228,57.55,2000,10.049,0.2296,14.64106,88.012,4,3.301029996
11087.5,3,22.66,25.9,2.23,57.55,2000,9.581,0.2266,13.95721,88.012,4,3.301029996
11089,3,22.08,24.9,2.241,55.187,1100,7.165,0.2208,10.32821,86.856,4,3.041392685
11090,3,22.16,24.9,2.233,56.762,950,5.974,0.2216,8.52057,86.437,4,2.977723605
11116,2,26.5,23.8,2.226,55.741,280,,0.265,,87.974,4,2.447158031
11117,2,25.92,26.2,2.241,53.239,520,,0.2592,,87.15,4,2.716003344
11118.5,2,27.04,22.3,2.244,49.635,280,,0.2704,,87.144,4,2.447158031
11119.5,2,25.98,25.1,2.273,48.1,830,,0.2598,,85.573,4,2.919078092
11120.5,3,25.36,24.7,2.302,48.148,670,,0.2536,,84.458,4,2.826074803
11121.5,1,25.4,24.7,2.353,51.9,610,,0.254,,82.013,4,2.785329835
11122.5,1,26.1,23.6,2.365,52.825,300,,0.261,,80.83,4,2.477121255
11123.5,2,27.42,24.7,2.299,52.92,610,,0.2742,,84.786,4,2.785329835
11124.5,2,28.08,23.1,2.255,53.875,350,,0.2808,,91.837,4,2.544068044
11126,3,25.76,24.2,2.283,53.256,590,,0.2576,,87.904,4,2.770852012
11127,2,26.54,23.8,2.304,54.011,460,,0.2654,,87.286,4,2.662757832
11129,2,27.9,23,2.221,55.187,120,,0.279,,86.292,4,2.079181246
11130.5,3,26.4,17.1,2.099,58.522,7.1,,0.264,,87.884,4,0.851258349
11132,1,26.4,21,2.065,63.141,64,,0.264,,86.365,4,1.806179974
11133,3,25.56,18.1,2.071,64.637,24,,0.2556,,87.875,4,1.380211242
11135,2,27.78,21.5,2.214,60.614,91,,0.2778,,86.208,4,1.959041392
11136,2,26.299,21,2.298,59.251,87,,0.26299,,84.51,4,1.939519253
11137.5,1,23.76,20,2.376,53.238,48,,0.2376,,83.54,4,1.681241237
11138.5,1,24.33,18.7,2.409,54.111,20,,0.2433,,82.818,4,1.301029996
11139.5,1,23.338,20.6,2.385,54.818,1400,,0.23338,,82.26,4,3.146128036
11141,1,23.436,19.2,2.349,55.498,35,,0.23436,,83.217,4,1.544068044
11142,2,22.297,19.7,2.303,56.689,46,,0.22297,,86.052,4,1.662757832
11146,2,21.555,18,2.248,57.534,26,,0.21555,,90.186,4,1.414973348
11148,3,21.905,16.1,2.222,56.05,5.6,,0.21905,,90.178,4,0.748188027
11148.5,3,22.335,16.5,2.222,56.488,6,,0.22335,,90.176,4,0.77815125
11150,3,23.515,21.1,2.255,56.762,330,,0.23515,,90.18,4,2.51851394
11151,3,23.478,21.1,2.235,58.032,280,,0.23478,,91.051,4,2.447158031
11152.5,3,23.25,24.1,2.232,58.064,530,,0.2325,,90.916,4,2.72427587
11153.5,3,23.57,20.8,2.238,54.99,260,,0.2357,,89.37,4,2.414973348
11155,3,24.596,26.1,2.226,54.4,1500,,0.24596,,89.359,4,3.176091259
11156,3,24.002,26.4,2.231,55.2,1300,,0.24002,,88.778,4,3.113943352
11157,3,23.635,24.5,2.231,57.55,560,,0.23635,,89.873,4,2.748188027
11158,2,21.836,25.8,2.238,59.58,880,,0.21836,,90.183,4,2.944482672
11159.5,2,21.63,25.5,2.307,64.838,670,,0.2163,,86.178,4,2.826074803
11160.5,2,21.346,22.6,2.295,65.096,320,,0.21346,,84.617,4,2.505149978
11162,2,22.525,21.5,2.309,61.689,380,,0.22525,,83.03,4,2.579783597
11163,2,22.974,25.2,2.278,62.522,1200,,0.22974,,83.929,4,3.079181246
11164,3,23.553,26.4,2.216,59.697,2100,,0.23553,,90.114,4,3.322219295
11165.5,2,23.473,24.5,2.294,61.425,980,,0.23473,,88.375,4,2.991226076
11166,2,23.907,19.2,2.309,63.738,77,,0.23907,,86.955,4,1.886490725
11167,2,23.845,20.7,2.31,61.928,280,,0.23845,,86.167,4,2.447158031
11168.5,2,23.104,20.2,2.274,59.091,65,,0.23104,,87.734,4,1.812913357
11169.5,2,23.354,19.4,2.299,57.55,500,,0.23354,,85.37,4,2.698970004
11171.5,2,22.08,23,2.286,55.275,190,,0.2208,,86.936,4,2.278753601
11174,2,21.66,15.2,2.276,50.83,38,,0.2166,,83.725,4,1.579783597
11175.5,2,20.162,20.7,2.346,50.574,65,,0.20162,,82.579,4,1.812913357
11176.5,2,21.317,21.5,2.316,52.291,260,,0.21317,,82.17,4,2.414973348
11178,3,23.721,20.3,2.281,55.187,97,,0.23721,,87.675,4,1.986771734
11179,2,22.787,18.5,2.295,53.604,33,,0.22787,,86.45,4,1.51851394
11180.5,2,22.031,21.3,2.303,56.484,140,,0.22031,,85.325,4,2.146128036
11431,1,17.8,12.6,2.473,58.161,0.1,,0.178,,77.457,4,-1
11432.5,1,18.96,14.4,2.461,52.002,0.31,,0.1896,,81.355,4,-0.508638306
11433.5,1,19.76,17,2.452,50.561,1.4,,0.1976,,81.353,4,0.146128036
11434.5,1,19.6,15,2.448,52.866,0.42,,0.196,,81.35,4,-0.37675071
11435.5,1,19.44,11.6,2.437,55.266,0.17,,0.1944,,81.347,4,-0.769551079
11436.5,1,19.36,15.3,2.415,58.499,0.58,,0.1936,,81.291,4,-0.236572006
11438.5,1,18.52,15.7,2.437,63.839,0.58,,0.1852,,80.552,4,-0.236572006
11439.5,1,18.74,16.1,2.448,67.024,0.7,,0.1874,,81.337,5,-0.15490196
11440.5,1,19.96,15.2,2.429,67.758,0.35,,0.1996,,81.334,5,-0.455931956
11441.5,1,19.52,15.9,2.415,64.224,0.6,,0.1952,,81.733,5,-0.22184875
11443,1,18.6,14.9,2.433,60.047,0.45,,0.186,,82.109,5,-0.346787486
11444.5,1,18.04,14.6,2.429,59.018,0.29,,0.1804,,80.535,5,-0.537602002
11445.5,1,17.76,15.8,2.433,59.919,0.62,,0.1776,,78.959,5,-0.207608311
11446.5,1,17.62,15.6,2.462,59.67,0.45,,0.1762,,79.739,5,-0.346787486
11448.5,1,17.18,14.4,2.478,59.651,0.35,,0.1718,,77.524,5,-0.455931956
11449,1,16.98,15.2,2.471,58.337,0.45,,0.1698,,74.818,5,-0.346787486
11451,1,17.2,15.9,2.467,54.455,0.82,,0.172,,76.953,5,-0.086186148
11452,1,18.18,13.7,2.438,55.497,0.24,,0.1818,,81.079,5,-0.619788758
11454.5,1,19.2,15.2,2.421,56.762,0.44,,0.192,,81.985,5,-0.356547324
11455.5,1,18.42,14.4,2.439,57.004,0.35,,0.1842,,81.782,5,-0.455931956
11456.5,1,18,11.1,2.423,59.663,0.1,,0.18,,81.048,5,-1
11458,1,18.14,15.1,2.432,55.778,0.37,,0.1814,,80.502,5,-0.431798276
11460,1,17.1,14.5,2.426,63.284,0.28,,0.171,,80.404,5,-0.552841969
11461,1,18.08,16.1,2.446,62.822,0.78,,0.1808,,79.796,5,-0.107905397
11462,1,18.3,14.5,2.448,60.011,0.34,,0.183,,80.491,5,-0.468521083
11463.5,1,18.24,14.5,2.453,62.824,0.35,,0.1824,,81.121,5,-0.455931956
11464.5,1,17.64,14.4,2.425,62.83,0.34,,0.1764,,81.272,5,-0.468521083
11465.5,1,18.88,15.1,2.435,61.758,0.46,,0.1888,,81.27,5,-0.337242168
11466,1,19.42,13.9,2.433,59.829,0.22,,0.1942,,80.937,5,-0.657577319
11467,1,19.44,14,2.437,57.691,0.25,,0.1944,,80.479,5,-0.602059991
11468.5,1,16.54,15.9,2.453,60.7,0.54,,0.1654,,79.269,5,-0.26760624
11470,1,17.52,15.5,2.455,63.933,0.73,,0.1752,,77.475,4,-0.13667714
11471,1,17.64,14.7,2.467,67.787,0.39,,0.1764,,78.892,4,-0.408935393
11472,1,17.14,15.6,2.467,67.4,0.75,,0.1714,,80.465,4,-0.124938737
11473,1,17.2,13,2.44,64.677,0.77,,0.172,,80.463,4,-0.113509275
11473.5,1,17.46,13.7,2.463,62.823,0.21,,0.1746,,80.462,4,-0.677780705
11476,1,18.4,13.2,2.468,61.707,0.15,,0.184,,80.242,4,-0.823908741
11477,1,18.34,15.8,2.497,64.683,0.59,,0.1834,,79.651,4,-0.229147988
11479,1,18.78,16.3,2.444,62.275,0.56,,0.1878,,79.488,4,-0.251811973
11480.5,1,17.34,13.4,2.436,63.85,0.15,,0.1734,,78.866,5,-0.823908741
11482,1,17.7,13,2.442,58.868,0.27,,0.177,,81.227,5,-0.568636236
11483,1,18.12,13,2.465,57.305,0.26,,0.1812,,80.445,5,-0.585026652
11484.5,1,19.02,15.6,2.456,57.026,0.56,,0.1902,,78.858,5,-0.251811973
11485.5,1,18.86,14.7,2.439,59.473,0.28,,0.1886,,78.854,5,-0.552841969
11486.5,1,18.48,15.5,2.469,61.846,0.43,,0.1848,,79.626,5,-0.366531544
11487.5,1,18.76,14.2,2.477,64.509,0.21,,0.1876,,79.638,5,-0.677780705
11489,1,19.28,15.1,2.477,69.363,0.32,,0.1928,,79.634,5,-0.494850022
11490,1,19.98,13.8,2.452,69.193,0.44,,0.1998,,80.234,5,-0.356547324
11491,1,19.3,13.6,2.444,67.097,0.29,,0.193,,81.204,5,-0.537602002
11492,1,19.52,13.8,2.446,64.044,0.15,,0.1952,,80.667,5,-0.823908741
11493,1,19.34,15.9,2.477,60.121,0.45,,0.1934,,79.03,5,-0.346787486
11494.5,2,19.44,13.4,2.461,62.887,0.14,,0.1944,,76.741,5,-0.853871964
11496,1,20.92,13.6,2.481,60.53,0.18,,0.2092,,78.786,5,-0.744727495
11497,1,20.34,15.8,2.47,65.115,0.52,,0.2034,,80.401,4,-0.283996656
11498,1,18.88,13.3,2.471,68.93,0.14,,0.1888,,80.671,4,-0.853871964
11499.5,1,19.92,10.4,2.44,70.987,0.05,,0.1992,,81.186,4,-1.301029996
11500.5,1,20.52,16,2.487,69.587,0.43,,0.2052,,79.842,4,-0.366531544
11501.5,1,20.56,14.5,2.523,71.148,3.5,,0.2056,,79.599,4,0.544068044
11504.5,1,20.4,12.2,2.441,74.172,0.05,,0.204,,81.169,4,-1.301029996
11506,2,19.96,10.3,2.425,69.808,0.07,,0.1996,,80.669,4,-1.15490196
11507.5,1,19.18,15,2.405,61.921,0.35,,0.1918,,81.244,4,-0.455931956
11508.5,1,19.36,15.5,2.405,60.443,0.48,,0.1936,,83.384,4,-0.318758763
11509.5,1,19.84,13.1,2.403,60.7,0.07,,0.1984,,82.338,4,-1.15490196
11511.5,1,18.68,15.5,2.431,57.767,0.58,,0.1868,,83.01,4,-0.236572006
11514.5,1,18.92,16,2.45,64.495,0.37,,0.1892,,84.293,4,-0.431798276
11515.5,1,19.18,17.5,2.468,62.649,1.1,,0.1918,,84.249,4,0.041392685
11517.5,1,21.16,18.1,2.493,67.594,1,,0.2116,,81.137,4,0
11519,1,20.28,14.2,2.49,69.949,0.23,,0.2028,,82.706,4,-0.638272164
